机构,姓名,级别,link
光电工程研究所,金国藩,中国工程院院士,http://faculty.dpi.tsinghua.edu.cn//jgf-dpi.html
光电工程研究所,曾理江,教授,http://faculty.dpi.tsinghua.edu.cn//zenglj.html
光电工程研究所,杨昌喜,教授,http://faculty.dpi.tsinghua.edu.cn//cxyang.html
光电工程研究所,李岩,教授,http://faculty.dpi.tsinghua.edu.cn//liyan.html
光电工程研究所,孙利群,教授,http://faculty.dpi.tsinghua.edu.cn//sunlq.html
光电工程研究所,孙洪波,教授,http://faculty.dpi.tsinghua.edu.cn//hbsun.html
光电工程研究所,曹良才,教授,http://faculty.dpi.tsinghua.edu.cn//clc.html
光电工程研究所,白本锋,教授,http://faculty.dpi.tsinghua.edu.cn//baibenfeng.html
光电工程研究所,谈宜东,教授,http://faculty.dpi.tsinghua.edu.cn//Tanyd.html
光电工程研究所,谭峭峰,副教授,http://faculty.dpi.tsinghua.edu.cn//tanqf.html
光电工程研究所,朱钧,副教授,http://faculty.dpi.tsinghua.edu.cn//j_zhu.html
光电工程研究所,尉昊赟,副教授,http://faculty.dpi.tsinghua.edu.cn//luckiwei.html
光电工程研究所,吴冠豪,副教授,http://faculty.dpi.tsinghua.edu.cn//guanhaowu.html
光电工程研究所,孔令杰,副教授,http://faculty.dpi.tsinghua.edu.cn//konglj.html
光电工程研究所,张浩,副教授,http://faculty.dpi.tsinghua.edu.cn//haozhang274.html
光电工程研究所,李杨,副教授,http://faculty.dpi.tsinghua.edu.cn//yli9003.html
光电工程研究所,杨原牧,副教授,http://faculty.dpi.tsinghua.edu.cn//ymyang.html
光电工程研究所,林琳涵,副教授,http://faculty.dpi.tsinghua.edu.cn//linlh2019.html
光电工程研究所,方红华,副教授,http://faculty.dpi.tsinghua.edu.cn//hfang.html
光电工程研究所,鲍成英,副教授,http://faculty.dpi.tsinghua.edu.cn//cbao.html
光电工程研究所,张连清,高级工程师,http://faculty.dpi.tsinghua.edu.cn//lqzhang.html
仪器科学与技术研究所,尤政,中国工程院院士,http://faculty.dpi.tsinghua.edu.cn//yz-dpi.html
仪器科学与技术研究所,叶雄英,教授,http://faculty.dpi.tsinghua.edu.cn//xyye.html
仪器科学与技术研究所,董永贵,教授,http://faculty.dpi.tsinghua.edu.cn//dongyg.html
仪器科学与技术研究所,王雪,教授,http://faculty.dpi.tsinghua.edu.cn//wangxue.html
仪器科学与技术研究所,朱荣,教授,http://faculty.dpi.tsinghua.edu.cn//zr_gloria.html
仪器科学与技术研究所,陈非凡,教授,http://faculty.dpi.tsinghua.edu.cn//cff.html
仪器科学与技术研究所,施路平,教授,http://faculty.dpi.tsinghua.edu.cn//lpshi.html
仪器科学与技术研究所,欧阳证,教授,http://faculty.dpi.tsinghua.edu.cn//ouyang.html
仪器科学与技术研究所,王晓峰,研究员,http://faculty.dpi.tsinghua.edu.cn//xfw.html
仪器科学与技术研究所,张高飞,研究员,http://faculty.dpi.tsinghua.edu.cn//zgf.html
仪器科学与技术研究所,朱纪洪,教授,http://faculty.dpi.tsinghua.edu.cn//jhzhu.html
仪器科学与技术研究所,赵蓉,教授,http://faculty.dpi.tsinghua.edu.cn//r_zhao.html
仪器科学与技术研究所,阮勇,研究员,http://faculty.dpi.tsinghua.edu.cn//ruanyong.html
仪器科学与技术研究所,邢飞,教授,http://faculty.dpi.tsinghua.edu.cn//xingfei.html
仪器科学与技术研究所,王超,教授、博士生导师,http://faculty.dpi.tsinghua.edu.cn//c_wang.html
仪器科学与技术研究所,裴京,副研究员,http://faculty.dpi.tsinghua.edu.cn//peij.html
仪器科学与技术研究所,任大海,副教授,http://faculty.dpi.tsinghua.edu.cn//rendh.html
仪器科学与技术研究所,马骋,副研究员,http://faculty.dpi.tsinghua.edu.cn//macheng.html
仪器科学与技术研究所,冯焱颖,副教授,http://faculty.dpi.tsinghua.edu.cn//yyfeng.html
仪器科学与技术研究所,王鹏,副教授,http://faculty.dpi.tsinghua.edu.cn//peng.html
仪器科学与技术研究所,唐飞,副研究员,http://faculty.dpi.tsinghua.edu.cn//tangf.html
仪器科学与技术研究所,梁志恒,副研究员,http://faculty.dpi.tsinghua.edu.cn//liangzhiheng.html
仪器科学与技术研究所,杨建中,副研究员,http://faculty.dpi.tsinghua.edu.cn//yang-jz.html
仪器科学与技术研究所,王波,副教授,http://faculty.dpi.tsinghua.edu.cn//bowang.html
仪器科学与技术研究所,王文会,副教授,http://faculty.dpi.tsinghua.edu.cn//wwh.html
仪器科学与技术研究所,赵嘉昊,副研究员,http://faculty.dpi.tsinghua.edu.cn//zhaojh00.html
仪器科学与技术研究所,孟子阳,副教授,http://faculty.dpi.tsinghua.edu.cn//ziyangmeng.html
仪器科学与技术研究所,张建伟,副研究员,http://faculty.dpi.tsinghua.edu.cn//zhangjw.html
仪器科学与技术研究所,赵开春,副研究员   ,http://faculty.dpi.tsinghua.edu.cn//kaichunz.html
仪器科学与技术研究所,李黄龙,副教授,http://faculty.dpi.tsinghua.edu.cn//li_huanglong.html
仪器科学与技术研究所,马潇潇,副教授,http://faculty.dpi.tsinghua.edu.cn//maxx.html
仪器科学与技术研究所,赵晓光,副教授,http://faculty.dpi.tsinghua.edu.cn//zhaoxg.html
仪器科学与技术研究所,周晓煜,副教授,http://faculty.dpi.tsinghua.edu.cn//zhouyuzxy.html
仪器科学与技术研究所,罗川,副教授,http://faculty.dpi.tsinghua.edu.cn//luochuan.html
仪器科学与技术研究所,邓磊,副教授,http://faculty.dpi.tsinghua.edu.cn//leideng.html
仪器科学与技术研究所,张文鹏,副教授,http://faculty.dpi.tsinghua.edu.cn//zhangwp.html
仪器科学与技术研究所,匡敏驰,副研究员,http://faculty.dpi.tsinghua.edu.cn//kuangmc.html
仪器科学与技术研究所,王时光,副研究员,http://faculty.dpi.tsinghua.edu.cn//wangsg.html
仪器科学与技术研究所,袁夏明,助理研究员,http://faculty.dpi.tsinghua.edu.cn//xmyuan.html
仪器科学与技术研究所,纪兴龙,副研究员,http://faculty.dpi.tsinghua.edu.cn//xinglongji.html
仪器科学与技术研究所,史恒,助理研究员,http://faculty.dpi.tsinghua.edu.cn//shiheng.html
仪器科学与技术研究所,余芳文,助理研究员,http://faculty.dpi.tsinghua.edu.cn//yufangwen.html
仪器科学与技术研究所,徐海峥,工程师,http://faculty.dpi.tsinghua.edu.cn//xhz.html
导航技术工程中心,张嵘,研究员,http://faculty.dpi.tsinghua.edu.cn//rongzh.html
导航技术工程中心,韩丰田,研究员,http://faculty.dpi.tsinghua.edu.cn//hft.html
导航技术工程中心,周斌,研究员,http://faculty.dpi.tsinghua.edu.cn//zhoubin98.html
导航技术工程中心,吴秋平,研究员,http://faculty.dpi.tsinghua.edu.cn//wuqiuping.html
导航技术工程中心,李冬梅,副研究员,http://faculty.dpi.tsinghua.edu.cn//li_dongmei.html
导航技术工程中心,贺晓霞,副研究员,http://faculty.dpi.tsinghua.edu.cn//hexx.html
导航技术工程中心,李海霞,副研究员,http://faculty.dpi.tsinghua.edu.cn//li-hx03.html
导航技术工程中心,郭美凤,副教授,http://faculty.dpi.tsinghua.edu.cn//guomf.html
导航技术工程中心,魏琦,副研究员,http://faculty.dpi.tsinghua.edu.cn//weiqi.html
导航技术工程中心,胡佩达,副研究员,http://faculty.dpi.tsinghua.edu.cn//hpd211.html
导航技术工程中心,刘云峰,副研究员,http://faculty.dpi.tsinghua.edu.cn//yfliu.html
导航技术工程中心,陈志勇,副研究员,http://faculty.dpi.tsinghua.edu.cn//chendelta.html
导航技术工程中心,伍康,副研究员,http://faculty.dpi.tsinghua.edu.cn//kangwu.html
导航技术工程中心,张瑞雪,副研究员,http://faculty.dpi.tsinghua.edu.cn//zhangrx020.html
导航技术工程中心,杨军,副研究员,http://faculty.dpi.tsinghua.edu.cn//yangj2024.html
导航技术工程中心,谭巍,工程师,http://faculty.dpi.tsinghua.edu.cn//tanw.html
激光与光子技术研究所,巩马理,教授,http://faculty.dpi.tsinghua.edu.cn//gongml.html
激光与光子技术研究所,闫平,教授,http://faculty.dpi.tsinghua.edu.cn//pyan.html
激光与光子技术研究所,柳强,教授,http://faculty.dpi.tsinghua.edu.cn//qiangliu.html
激光与光子技术研究所,张海涛,教授,http://faculty.dpi.tsinghua.edu.cn//zhanghaitao.html
激光与光子技术研究所,黄磊,教授,http://faculty.dpi.tsinghua.edu.cn//hl.html
激光与光子技术研究所,王巍,副研究员,http://faculty.dpi.tsinghua.edu.cn//wang-wei.html
激光与光子技术研究所,杨兴,副研究员,http://faculty.dpi.tsinghua.edu.cn//yangxing.html
激光与光子技术研究所,付星,副教授,http://faculty.dpi.tsinghua.edu.cn//fuxing.html
激光与光子技术研究所,肖起榕,副教授,http://faculty.dpi.tsinghua.edu.cn//xiaoqirong.html
激光与光子技术研究所,李宇航,副研究员,http://faculty.dpi.tsinghua.edu.cn//liyuhang.html
激光与光子技术研究所,李丹,副研究员,http://faculty.dpi.tsinghua.edu.cn//dli.html
实验教学中心,李玉和,高级工程师,http://faculty.dpi.tsinghua.edu.cn//liyuhe.html
实验教学中心,朱昊,高级工程师,http://faculty.dpi.tsinghua.edu.cn//zhsqy.html
实验教学中心,张丽琼,高级工程师,http://faculty.dpi.tsinghua.edu.cn//zhanglqoe.html
实验教学中心,王芃,工程师,http://faculty.dpi.tsinghua.edu.cn//wangpz.html
实验教学中心,徐东,工程师,http://faculty.dpi.tsinghua.edu.cn//xudong99.html
系机关,傅雪霏,综合管理岗位,http://faculty.dpi.tsinghua.edu.cn//fuxuefei.html
系机关,马赛,本科生教务岗,http://faculty.dpi.tsinghua.edu.cn//mas.html
系机关,姜晔,党务与宣传工作岗,http://faculty.dpi.tsinghua.edu.cn//jiangye.html
系机关,史洁,学生事务工作岗,http://faculty.dpi.tsinghua.edu.cn//shijie.html
系机关,殷社萍,科研与外事岗,http://faculty.dpi.tsinghua.edu.cn//yinsp.html
系机关,胡庆华,物业与安全事务岗,http://faculty.dpi.tsinghua.edu.cn//thh1987.html
系机关,王一怡,校友与外联事务岗,http://faculty.dpi.tsinghua.edu.cn//wangyiyi.html
系机关,王华成,行政事务岗,http://faculty.dpi.tsinghua.edu.cn//whc1019.html
系机关,徐琼,科研与资产岗,http://faculty.dpi.tsinghua.edu.cn//xuqiong.html
系机关,李琳,研究生教务岗,http://faculty.dpi.tsinghua.edu.cn//lilin0122.html
系机关,苏卫国,档案和信息岗,http://faculty.dpi.tsinghua.edu.cn//suwg.html
系机关,杨薏,人事工作岗,http://faculty.dpi.tsinghua.edu.cn//youyoku.html
